feature,importance
lag_24,0.7134149301704878
lag_168,0.11816660163273139
day_of_week,0.058359110203895885
day_of_year,0.022561062240372454
hour,0.018812454340514023
rolling_mean_24,0.01563503310267928
rolling_mean_168,0.014598845471186322
lag_48,0.013847219593185033
rolling_std_24,0.012638874950663008
is_weekend,0.009961118770919139
month,0.002004749523365581
